{
  "acm": {
    "L-D2CB7DE9": {
      "parameters": {
        "expression": "SELECT resourceId WHERE resourceType = 'AWS::ACM::Certificate' AND configuration.type = 'IMPORTED'",
        "jmespath": "length([])"
      },
      "type": "config"
    },
    "L-F141DD1D": {
      "parameters": {
        "expression": "SELECT resourceId WHERE resourceType = 'AWS::ACM::Certificate' AND (configuration.status = 'ISSUED' OR configuration.status = 'PENDING')",
        "jmespath": "length([])"
      },
      "type": "config"
    },
    "L-FB94F0B0": {
      "parameters": {
        "expression": "SELECT configuration.subjectAlternativeNames WHERE resourceType = 'AWS::ACM::Certificate'",
        "jmespath": "max([].length(subjectAlternativeNames))"
      },
      "type": "config"
    }
  },
  "apigateway": {
    "L-379E48B0": {
      "parameters": {
        "expression": "SELECT relationships WHERE resourceType = 'AWS::ApiGateway::RestApi'",
        "jmespath": "max([].length(relationships[?resourceType == 'AWS::ApiGateway::Stage']))"
      },
      "type": "config"
    },
    "L-A966AB5C": {
      "parameters": {
        "expression": "SELECT configuration WHERE resourceType = 'AWS::ApiGateway::RestApi'",
        "jmespath": "sum([].configuration.endpointConfiguration.length(types[?contains(@, 'PRIVATE')]))"
      },
      "type": "config"
    },
    "L-AA0FF27B": {
      "parameters": {
        "expression": "SELECT configuration WHERE resourceType = 'AWS::ApiGateway::RestApi'",
        "jmespath": "sum([].configuration.endpointConfiguration.length(types[?contains(@, 'REGIONAL')]))"
      },
      "type": "config"
    },
    "L-B97207D0": {
      "parameters": {
        "expression": "SELECT configuration WHERE resourceType = 'AWS::ApiGateway::RestApi'",
        "jmespath": "sum([].configuration.endpointConfiguration.length(types[?contains(@, 'EDGE')]))"
      },
      "type": "config"
    }
  },
  "dynamodb": {
    "L-F7858A77": {
      "parameters": {
        "expression": "SELECT configuration WHERE resourceType = 'AWS::DynamoDB::Table'",
        "jmespath": "max([].configuration.length(globalSecondaryIndexes))"
      },
      "type": "config"
    },
    "L-F98FE922": {
      "parameters": {
        "expression": "SELECT resourceId WHERE resourceType = 'AWS::DynamoDB::Table'",
        "jmespath": "length([])"
      },
      "type": "config"
    }
  },
  "ec2": {
    "L-0263D0A3": {
      "parameters": {
        "expression": "SELECT resourceId WHERE resourceType = 'AWS::EC2::EIP'",
        "jmespath": "length([])"
      },
      "type": "config"
    },
    "L-FB451C26": {
      "parameters": {
        "expression": "SELECT resourceId WHERE resourceType = 'AWS::EC2::LaunchTemplate'",
        "jmespath": "length([])"
      },
      "type": "config"
    }
  },
  "lambda": {
    "L-01237738": {
      "parameters": {
        "expression": "SELECT configuration WHERE resourceType = 'AWS::Lambda::Function'",
        "jmespath": "max([].configuration.length(layers))"
      },
      "type": "config"
    },
    "L-9FEE3D26": {
      "parameters": {
        "expression": "SELECT resourceId WHERE resourceType = 'AWS::EC2::NetworkInterface' and configuration.interfaceType = 'lambda'",
        "jmespath": "length([])"
      },
      "type": "config"
    }
  },
  "rds": {
    "L-272F1212": {
      "parameters": {
        "expression": "SELECT resourceId WHERE resourceType = 'AWS::RDS::DBSnapshot' AND configuration.snapshotType = 'manual'",
        "jmespath": "length([])"
      },
      "type": "config"
    },
    "L-7B6409FD": {
      "parameters": {
        "expression": "SELECT resourceId WHERE resourceType = 'AWS::RDS::DBInstance'",
        "jmespath": "length([])"
      },
      "type": "config"
    },
    "L-9B510759": {
      "parameters": {
        "expression": "SELECT resourceId WHERE resourceType = 'AWS::RDS::DBClusterSnapshot' AND configuration.snapshotType = 'manual'",
        "jmespath": "length([])"
      },
      "type": "config"
    }
  },
  "redshift": {
    "L-2E428669": {
      "parameters": {
        "expression": "SELECT resourceId WHERE resourceType = 'AWS::Redshift::ClusterSnapshot' AND configuration.snapshotType = 'manual'",
        "jmespath": "length([])"
      },
      "type": "config"
    },
    "L-6C6B6042": {
      "parameters": {
        "expression": "SELECT configuration WHERE resourceType = 'AWS::Redshift::ClusterSubnetGroup'",
        "jmespath": "max([].configuration.length(subnets))"
      },
      "type": "config"
    },
    "L-7C6A532D": {
      "parameters": {
        "expression": "SELECT configuration WHERE resourceType = 'AWS::Redshift::Cluster'",
        "jmespath": "max([].configuration.length(iamRoles))"
      },
      "type": "config"
    },
    "L-84537943": {
      "parameters": {
        "expression": "SELECT configuration WHERE resourceType = 'AWS::Redshift::Cluster'",
        "jmespath": "[?starts_with(@.configuration.nodeType, 'dc2.')] | max([].configuration.numberOfNodes)"
      },
      "type": "config"
    },
    "L-93AC8AE6": {
      "parameters": {
        "expression": "SELECT configuration WHERE resourceType = 'AWS::Redshift::Cluster'",
        "jmespath": "[?starts_with(@.configuration.nodeType, 'ra3.')] | max([].configuration.numberOfNodes)"
      },
      "type": "config"
    },
    "L-A3830BB3": {
      "parameters": {
        "expression": "SELECT resourceId WHERE resourceType = 'AWS::Redshift::ClusterParameterGroup'",
        "jmespath": "length([])"
      },
      "type": "config"
    },
    "L-BE12F428": {
      "parameters": {
        "expression": "SELECT resourceId WHERE resourceType = 'AWS::Redshift::ClusterSubnetGroup'",
        "jmespath": "length([])"
      },
      "type": "config"
    },
    "L-C7372F73": {
      "parameters": {
        "expression": "SELECT configuration WHERE resourceType = 'AWS::Redshift::Cluster'",
        "jmespath": "[?starts_with(@.configuration.nodeType, 'ds2.')] | max([].configuration.numberOfNodes)"
      },
      "type": "config"
    },
    "L-F9D462EE": {
      "parameters": {
        "expression": "SELECT configuration WHERE resourceType = 'AWS::Redshift::Cluster'",
        "jmespath": "sum([].configuration.numberOfNodes)"
      },
      "type": "config"
    }
  },
  "s3": {
    "L-146D5F0C": {
      "parameters": {
        "expression": "SELECT supplementaryConfiguration WHERE resourceType = 'AWS::S3::Bucket'",
        "jmespath": "max([].supplementaryConfiguration.BucketLifecycleConfiguration.length(rules))"
      },
      "type": "config"
    },
    "L-3E24E5F9": {
      "parameters": {
        "expression": "SELECT supplementaryConfiguration WHERE resourceType = 'AWS::S3::Bucket'",
        "jmespath": "max([].supplementaryConfiguration.BucketNotificationConfiguration.length(configurations))"
      },
      "type": "config"
    },
    "L-55BA2C6C": {
      "parameters": {
        "expression": "SELECT tags WHERE resourceType = 'AWS::S3::Bucket'",
        "jmespath": "max([].length(tags))"
      },
      "type": "config"
    },
    "L-DC2B2D3D": {
      "parameters": {
        "expression": "SELECT resourceId WHERE resourceType = 'AWS::S3::Bucket'",
        "jmespath": "length([])"
      },
      "type": "config"
    }
  },
  "vpc": {
    "L-1B52E74A": {
      "parameters": {
        "expression": "SELECT resourceId WHERE resourceType = 'AWS::EC2::VPCEndpoint' AND configuration.vpcEndpointType = 'Gateway'",
        "jmespath": "length([])"
      },
      "type": "config"
    },
    "L-29B6F2EB": {
      "parameters": {
        "expression": "SELECT configuration.vpcId, COUNT(*) WHERE resourceType = 'AWS::EC2::VPCEndpoint' AND configuration.vpcEndpointType = 'Interface' GROUP BY configuration.vpcId ORDER BY COUNT(*) DESC",
        "jmespath": "max([].\"COUNT(*)\")"
      },
      "type": "config"
    },
    "L-2AFB9258": {
      "parameters": {
        "expression": "SELECT relationships WHERE resourceType = 'AWS::EC2::NetworkInterface'",
        "jmespath": "max([].length(relationships[?resourceType == 'AWS::EC2::SecurityGroup']))"
      },
      "type": "config"
    },
    "L-407747CB": {
      "parameters": {
        "expression": "SELECT configuration.vpcId, COUNT(*) WHERE resourceType = 'AWS::EC2::Subnet' GROUP BY configuration.vpcId ORDER BY COUNT(*) DESC",
        "jmespath": "max([].\"COUNT(*)\")"
      },
      "type": "config"
    },
    "L-45FE3B85": {
      "parameters": {
        "expression": "SELECT resourceId WHERE resourceType = 'AWS::EC2::EgressOnlyInternetGateway'",
        "jmespath": "length([])"
      },
      "type": "config"
    },
    "L-589F43AA": {
      "parameters": {
        "expression": "SELECT configuration.vpcId, COUNT(*) WHERE resourceType = 'AWS::EC2::RouteTable' GROUP BY configuration.vpcId ORDER BY COUNT(*) DESC",
        "jmespath": "max([].\"COUNT(*)\")"
      },
      "type": "config"
    },
    "L-5F53652F": {
      "parameters": {
        "expression": "SELECT configuration WHERE resourceType = 'AWS::EC2::NatGateway'",
        "jmespath": "max([].configuration.length(natGatewayAddresses[?starts_with(@.associationId, 'eipassoc')]))"
      },
      "type": "config"
    },
    "L-83CA0A9D": {
      "parameters": {
        "expression": "SELECT configuration WHERE resourceType = 'AWS::EC2::VPC'",
        "jmespath": "max([].configuration.length(cidrBlockAssociationSet[?cidrBlockState.state == 'associated']))"
      },
      "type": "config"
    },
    "L-93826ACB": {
      "parameters": {
        "expression": "SELECT configuration WHERE resourceType = 'AWS::EC2::RouteTable'",
        "jmespath": "max([].configuration.length(routes))"
      },
      "type": "config"
    },
    "L-A4707A72": {
      "parameters": {
        "expression": "SELECT resourceId WHERE resourceType = 'AWS::EC2::InternetGateway'",
        "jmespath": "length([])"
      },
      "type": "config"
    },
    "L-B4A6D682": {
      "parameters": {
        "expression": "SELECT configuration.vpcId, COUNT(*) WHERE resourceType = 'AWS::EC2::NetworkAcl' GROUP BY configuration.vpcId ORDER BY COUNT(*) DESC",
        "jmespath": "max([].\"COUNT(*)\")"
      },
      "type": "config"
    },
    "L-DF5E4CA3": {
      "parameters": {
        "expression": "SELECT resourceId WHERE resourceType = 'AWS::EC2::NetworkInterface'",
        "jmespath": "length([])"
      },
      "type": "config"
    },
    "L-E79EC296": {
      "parameters": {
        "expression": "SELECT resourceId WHERE resourceType = 'AWS::EC2::SecurityGroup'",
        "jmespath": "length([])"
      },
      "type": "config"
    },
    "L-F678F1CE": {
      "parameters": {
        "expression": "SELECT resourceId WHERE resourceType = 'AWS::EC2::VPC'",
        "jmespath": "length([])"
      },
      "type": "config"
    }
  }
}
